{
	"__credit": "Generated using Animated Java (https://animated-java.dev/)",
	"textures": {},
	"elements": [
		{
			"faces": {
				"north": {"uv": [1, 10, 2, 13], "texture": "#missing"},
				"east": {"uv": [0, 10, 1, 13], "texture": "#missing"},
				"south": {"uv": [3, 10, 4, 13], "texture": "#missing"},
				"west": {"uv": [2, 10, 3, 13], "texture": "#missing"},
				"up": {"uv": [2, 10, 1, 8], "texture": "#missing"},
				"down": {"uv": [3, 8, 2, 10], "texture": "#missing"}
			},
			"to": [8.8, 5, 8.8],
			"from": [7.2, 2.6, 7.2],
			"rotation": {"angle": 0, "axis": "y", "origin": [8, 5, 8]}
		}
	],
	"display": {
		"head": {
			"translation": [0, 5.6, 0],
			"scale": [4, 4, 4],
			"rotation": [0, 0, 0]
		}
	}
}