{
	"__credit": "Generated using Animated Java (https://animated-java.dev/)",
	"textures": {},
	"elements": [
		{
			"faces": {
				"north": {"uv": [11, 12, 13.5, 16], "texture": "#missing"},
				"east": {"uv": [7, 12, 11, 16], "texture": "#missing"},
				"south": {"uv": [17.5, 12, 20, 16], "texture": "#missing"},
				"west": {"uv": [13.5, 12, 17.5, 16], "texture": "#missing"},
				"up": {"uv": [13.5, 12, 11, 4], "texture": "#missing"},
				"down": {"uv": [16, 4, 13.5, 12], "texture": "#missing"}
			},
			"to": [10, 7, 17.2],
			"from": [6, 3.8, 10.8],
			"rotation": {"angle": 0, "axis": "x", "origin": [8, 5, 8]}
		}
	],
	"display": {
		"head": {
			"translation": [0, 5.6, 0],
			"scale": [4, 4, 4],
			"rotation": [0, 0, 0]
		}
	}
}