{
	"__credit": "Generated using Animated Java (https://animated-java.dev/)",
	"textures": {},
	"elements": [
		{
			"faces": {
				"north": {"uv": [2, 4, 4, 8], "texture": "#missing"},
				"east": {"uv": [0, 4, 2, 8], "texture": "#missing"},
				"south": {"uv": [6, 4, 8, 8], "texture": "#missing"},
				"west": {"uv": [4, 4, 6, 8], "texture": "#missing"},
				"up": {"uv": [4, 4, 2, 0], "texture": "#missing"},
				"down": {"uv": [6, 0, 4, 4], "texture": "#missing"}
			},
			"to": [9.6, 6.6, 9.6],
			"from": [6.4, 3.4, 6.4],
			"rotation": {"angle": 0, "axis": "y", "origin": [8, 0.2, 12]}
		}
	],
	"display": {
		"head": {
			"translation": [0, 5.6, 0],
			"scale": [4, 4, 4],
			"rotation": [0, 0, 0]
		}
	}
}