{
	"__credit": "Generated using Animated Java (https://animated-java.dev/)",
	"textures": {},
	"elements": [
		{
			"faces": {
				"north": {"uv": [4.25, 8.5, 5.25, 10], "texture": "#missing"},
				"east": {"uv": [4, 8.5, 4.25, 10], "texture": "#missing"},
				"south": {"uv": [5.5, 8.5, 6.5, 10], "texture": "#missing"},
				"west": {"uv": [5.25, 8.5, 5.5, 10], "texture": "#missing"},
				"up": {"uv": [5.25, 8.5, 4.25, 8], "texture": "#missing"},
				"down": {"uv": [6.25, 8, 5.25, 8.5], "texture": "#missing"}
			},
			"to": [8.8, 0.8, 12.2],
			"from": [7.2, -0.4, 11.8],
			"rotation": {"angle": 0, "axis": "y", "origin": [8, -4, 17.8]}
		}
	],
	"display": {
		"head": {
			"translation": [0, 5.6, 0],
			"scale": [4, 4, 4],
			"rotation": [0, 0, 0]
		}
	}
}