{
	"parent": "item/generated",
	"textures": {
		"layer0": "item/white_dye"
	},
	"overrides": [
		{
			"predicate": {
				"custom_model_data": 1
			},
			"model": "item/body"
		},
		{
			"predicate": {
				"custom_model_data": 2
			},
			"model": "item/head"
		},
		{
			"predicate": {
				"custom_model_data": 3
			},
			"model": "item/nose"
		},
		{
			"predicate": {
				"custom_model_data": 4
			},
			"model": "item/front_left"
		},
		{
			"predicate": {
				"custom_model_data": 5
			},
			"model": "item/front_right"
		},
		{
			"predicate": {
				"custom_model_data": 6
			},
			"model": "item/back_left"
		},
		{
			"predicate": {
				"custom_model_data": 7
			},
			"model": "item/back_right"
		}
	],
	"aj": {
		"includedRigs": {
			"af410a02-a57d-c641-d627-82dea66515bc": {
				"name": "pig_stand_anim",
				"usedIDs": [
					[1, 7]
				]
			}
		}
	}
}